"STATION","DATE","LATITUDE","LONGITUDE","ELEVATION","NAME","AWND","AWND_ATTRIBUTES","CDSD","CDSD_ATTRIBUTES","CLDD","CLDD_ATTRIBUTES","DP01","DP01_ATTRIBUTES","DP10","DP10_ATTRIBUTES","DP1X","DP1X_ATTRIBUTES","DSND","DSND_ATTRIBUTES","DSNW","DSNW_ATTRIBUTES","DT00","DT00_ATTRIBUTES","DT32","DT32_ATTRIBUTES","DX32","DX32_ATTRIBUTES","DX70","DX70_ATTRIBUTES","DX90","DX90_ATTRIBUTES","DYFG","DYFG_ATTRIBUTES","DYHF","DYHF_ATTRIBUTES","DYTS","DYTS_ATTRIBUTES","EMNT","EMNT_ATTRIBUTES","EMSD","EMSD_ATTRIBUTES","EMSN","EMSN_ATTRIBUTES","EMXP","EMXP_ATTRIBUTES","EMXT","EMXT_ATTRIBUTES","FZF0","FZF0_ATTRIBUTES","FZF1","FZF1_ATTRIBUTES","FZF5","FZF5_ATTRIBUTES","FZF6","FZF6_ATTRIBUTES","HDSD","HDSD_ATTRIBUTES","HTDD","HTDD_ATTRIBUTES","PRCP","PRCP_ATTRIBUTES","SNOW","SNOW_ATTRIBUTES","TAVG","TAVG_ATTRIBUTES","TMAX","TMAX_ATTRIBUTES","TMIN","TMIN_ATTRIBUTES","WDF2","WDF2_ATTRIBUTES","WDF5","WDF5_ATTRIBUTES","WDFG","WDFG_ATTRIBUTES","WSF2","WSF2_ATTRIBUTES","WSF5","WSF5_ATTRIBUTES","WSFG","WSFG_ATTRIBUTES"
"USW00093107","1947","32.86667","-117.13333","145.4","SAN DIEGO MIRAMAR NAS, CA US","","","","","","","","","","","","","","","","","","","","","","","","","","","        65"," ","","","         2"," ","","","","","","","","","","","","","","","","","","","","","","","","","","","","","","","","","","","","","","","","","","","",""
"USW00093107","1948","32.86667","-117.13333","145.4","SAN DIEGO MIRAMAR NAS, CA US","","","    173.5","","     173.5","X","        32","X","        11","X","         0","X","","","         0","X","         0","X","         0","X","         0","X","       170","X","         3","X","        78"," ","","","","","    1.1","X,0213,+","","","     0"," ,X,1231,+","  20.8"," ,X,1222, ","   33.9","X,0903, ","","","","","","","","","    1142.1","1","    1142.1","X","    148.7"," ,X","        0"," ,X","     15.65","X","     20.25","X","     11.04","X","","","","","","","","","","","",""
"USW00093107","1949","32.86667","-117.13333","145.4","SAN DIEGO MIRAMAR NAS, CA US","","","","","","","","","","","","","","","","","","","","","","","","","","","        72"," ","","","         1"," ","","","","","","","","","","","","","","","","","","","","","","","","","","","","","","","","","","","","","","","","","","","",""
"USW00093107","1950","32.86667","-117.13333","145.4","SAN DIEGO MIRAMAR NAS, CA US","","","    200.8","","     200.8","X","        36","X","        14","X","         3","X","","","","","         0","X","         0","X","         0","X","       184","X","         5","X","       146"," ","","","         1"," ","    0.6","X,0127, ","","","","","  35.3"," ,X,0129, ","   37.2","X,1013, ","","","","","","","","","","","","","    223.3"," ,X","","","     15.90","X","     20.79","X","     11.00","X","","","","","        45","X","","","","","      21.1","X"
"USW00093107","1951","32.86667","-117.13333","145.4","SAN DIEGO MIRAMAR NAS, CA US","","","    228.3","","     228.3","X","        64","X","        30","X","         3","X","        0","","         0","X","         0","X","         0","X","         0","X","       181","X","         5","X","       113"," ","","","         5"," ","    1.1","X,0101, ","     0"," ,X,1231,+","     0"," ,X,1231,+","  57.7"," ,X,1230, ","   33.3","X,1007,+","","","","","","","","","     979.2","2","     979.2","X","    370.0"," ,X","        0"," ,X","     15.97","X","     20.79","X","     11.14","X","","","","","       270","X","","","","","      20.0","X"
"USW00093107","1952","32.86667","-117.13333","145.4","SAN DIEGO MIRAMAR NAS, CA US","","","    273.9","","     273.9","X","        58","X","        37","X","         4","X","        0","","         0","X","         0","X","         2","X","         0","X","       185","X","         6","X","       126"," ","","","         2"," ","   -1.1","X,0104, ","     0"," ,X,1231,+","     0"," ,X,1231,+","  44.5"," ,X,0113, ","   33.9","X,0901, ","","","","","-1.1","X,0104","","","    1176.3","3","    1176.3","X","    434.3"," ,X","        0"," ,X","     15.73","X","     20.91","X","     10.54","X","","","","","","","","","","","",""
"USW00093107","1953","32.86667","-117.13333","145.4","SAN DIEGO MIRAMAR NAS, CA US","","","    346.0","","     346.0","X","        31","X","        13","X","         0","X","        0","","         0","X","         0","X","         0","X","         0","X","       206","X","        11","X","       121"," ","","","","","    1.1","X,1226,+","     0"," ,X,1231,+","     0"," ,X,1231,+","  16.3"," ,X,0223, ","   37.8","X,1005, ","","","","","","","","","    1094.5","5","    1094.5","X","     93.0"," ,X","        0"," ,X","     16.53","X","     22.02","X","     11.04","X","","","","","","","","","","","",""
"USW00093107","1954","32.86667","-117.13333","145.4","SAN DIEGO MIRAMAR NAS, CA US","","","    339.3","","     339.3","X","        37","X","        21","X","         2","X","        0","","         0","X","         0","X","         0","X","         0","X","       196","X","         2","X","       166"," ","","","         4"," ","    3.9","X,1229,+","     0"," ,X,1231,+","     0","T,X,0119, ","  34.8"," ,X,0322, ","   33.3","X,1015, ","","","","","","","","","     909.8","8","     909.8","X","    297.7"," ,X","        0","T,X","     16.87","X","     21.61","X","     12.13","X","","","","","","","","","","","",""
"USW00093107","1955","32.86667","-117.13333","145.4","SAN DIEGO MIRAMAR NAS, CA US","","","    337.6","","     337.6","X","        44","X","        21","X","         1","X","        0","","         0","X","         0","X","         0","X","         0","X","       166","X","        11","X","       127"," ","","","         1"," ","    2.2","X,0204,+","     0"," ,X,1231,+","     0"," ,X,1231,+","  27.4"," ,X,0430, ","   42.2","X,0902, ","","","","","","","","","     994.1","1","     994.1","X","    220.8"," ,X","        0"," ,X","     16.19","X","     20.72","X","     11.65","X","","","","","       180","X","","","","","      18.0","X"
"USW00093107","1956","32.86667","-117.13333","145.4","SAN DIEGO MIRAMAR NAS, CA US","","","    399.2","","     399.2","X","        26","X","        11","X","         0","X","        0","","         0","X","         0","X","         0","X","         0","X","       216","X","        12","X","       174"," ","","","","","    2.8","X,0217, ","     0"," ,X,1231,+","     0"," ,X,1231,+","  24.6"," ,X,0127, ","   37.8","X,0909, ","","","","","","","","","    1096.3","3","    1096.3","X","    110.8"," ,X","        0"," ,X","     16.88","X","     21.94","X","     11.83","X","","","","","        90","X","","","","","      15.9","X"
"USW00093107","1957","32.86667","-117.13333","145.4","SAN DIEGO MIRAMAR NAS, CA US","","","    426.4","","     426.4","X","        53","X","        35","X","         2","X","        0","","         0","X","         0","X","         0","X","         0","X","       194","X","         8","X","       147"," ","","","         6"," ","    3.9","X,0131,+","     0"," ,X,1231,+","     0"," ,X,1231,+","  44.2"," ,X,0107, ","   38.3","X,0704, ","","","","","","","","","     799.2","2","     799.2","X","    363.8"," ,X","        0"," ,X","     17.16","X","     21.62","X","     12.70","X","","","","","        68","X","","","","","      19.5","X"
"USW00093107","1958","32.86667","-117.13333","145.4","SAN DIEGO MIRAMAR NAS, CA US","","","    521.0","","     521.0","X","        37","X","        25","X","         3","X","        0","","         0","X","         0","X","         0","X","         0","X","       240","X","        10","X","       144"," ","","","         8"," ","    3.3","X,1116, ","     0"," ,X,1231,+","     0"," ,X,1231,+","  40.6"," ,X,0203, ","   40.0","X,1016, ","","","","","","","","","     736.3","3","     736.3","X","    339.2"," ,X","        0"," ,X","     17.94","X","     22.85","X","     13.03","X","","","","","       248","X","","","","","      21.1","X"
"USW00093107","1959","32.86667","-117.13333","145.4","SAN DIEGO MIRAMAR NAS, CA US","","","    535.4","","     535.4","X","        28","X","        15","X","         3","X","        0","","         0","X","         0","X","         0","X","         0","X","       235","X","         8","X","       136"," ","","","         2"," ","    5.6","X,1227,+","     0"," ,X,1231,+","     0"," ,X,1231,+","  27.9"," ,X,0221, ","   36.7","X,0911,+","","","","","","","","","     568.4","4","     568.4","X","    188.1"," ,X","        0"," ,X","     18.18","X","     22.94","X","     13.42","X","","","","","","","","","","","",""
"USW00093107","1960","32.86667","-117.13333","145.4","SAN DIEGO MIRAMAR NAS, CA US","","","    425.0","","     425.0","X","        41","X","        24","X","         1","X","        0","","         0","X","         0","X","         0","X","         0","X","       227","X","        10","X","       173"," ","","","         4"," ","    0.6","X,1209, ","     0"," ,X,1231,+","     0"," ,X,1231,+","  36.6"," ,X,0112, ","   35.6","X,1005,+","","","","","","","","","     784.9","9","     784.9","X","    246.4"," ,X","        0"," ,X","     17.04","X","     22.28","X","     11.80","X","","","","","       270","X","","","","","      19.5","X"
"USW00093107","1961","32.86667","-117.13333","145.4","SAN DIEGO MIRAMAR NAS, CA US","","","    509.0","","     509.0","X","        34","X","        10","X","         0","X","        0","","         0","X","         0","X","         0","X","         0","X","       241","X","        11","X","       126"," ","","","         3"," ","    3.9","X,0102, ","     0"," ,X,1231,+","     0"," ,X,1231,+","  21.1"," ,X,0328, ","   40.6","X,1014, ","","","","","","","","","     681.6","6","     681.6","X","    135.1"," ,X","        0"," ,X","     17.76","X","     23.04","X","     12.49","X","","","","","        45","X","","","","","      17.0","X"
"USW00093107","1962","32.86667","-117.13333","145.4","SAN DIEGO MIRAMAR NAS, CA US","","","    348.2","","     348.2","X","        45","X","        22","X","         1","X","        0","","         0","X","         0","X","         0","X","         0","X","       212","X","         5","X","       187"," ","","","         3"," ","    1.7","X,0115, ","     0"," ,X,1231,+","     0"," ,X,1231,+","  42.7"," ,X,0120, ","   35.0","X,1030,+","","","","","","","","","     955.4","4","     955.4","X","    227.7"," ,X","        0"," ,X","     16.85","X","     21.98","X","     11.73","X","","","","","","","","","","","",""
"USW00093107","1963","32.86667","-117.13333","145.4","SAN DIEGO MIRAMAR NAS, CA US","","","    516.4","","     516.4","X","        41","X","        20","X","         2","X","        0","","         0","X","         0","X","         0","X","         0","X","       241","X","        12","X","       125"," ","","","         2"," ","    1.1","X,0114, ","     0"," ,X,1231,+","     0"," ,X,1231,+","  29.0"," ,X,1120, ","   43.9","X,0926, ","","","","","","","","","     664.2","2","     664.2","X","    229.7"," ,X","        0"," ,X","     18.13","X","     23.42","X","     12.84","X","","","","","       293","X","","","","","      14.9","X"
"USW00093107","1964","32.86667","-117.13333","145.4","SAN DIEGO MIRAMAR NAS, CA US","","","    542.1","","     542.1","X","        42","X","        22","X","         0","X","        0","","         0","X","         0","X","         0","X","         0","X","       231","X","        13","X","       106"," ","","","         5"," ","    2.8","X,0308, ","     0"," ,X,1231,+","     0"," ,X,1231,+","  21.6"," ,X,0401, ","   37.8","X,1020, ","","","","","","","","","     664.6","6","     664.6","X","    192.7"," ,X","        0"," ,X","     17.67","X","     22.93","X","     12.41","X","","","","","        68","X","","","","","      18.0","X"
"USW00093107","1965","32.86667","-117.13333","145.4","SAN DIEGO MIRAMAR NAS, CA US","","","    435.6","","     435.6","X","        54","X","        36","X","         4","X","        0","","         0","X","         0","X","         0","X","         0","X","       208","X","        21","X","       138"," ","        54"," ","         3"," ","    1.1","X,0212, ","     0"," ,X,1231,+","     0","T,X,0403, ","  51.6"," ,X,1122, ","   40.0","X,1022, ","","","","","","","","","     871.8","8","     871.8","X","    430.1"," ,X","        0","T,X","     17.13","X","     22.28","X","     11.98","X","","","","","       270","X","","","","","      15.4","X"
"USW00093107","1966","32.86667","-117.13333","145.4","SAN DIEGO MIRAMAR NAS, CA US","","","    625.1","","     625.1","X","        28","X","        13","X","         2","X","        0","","         0","X","         0","X","         0","X","         0","X","       229","X","        14","X","       122"," ","        67"," ","         6"," ","    0.6","X,0303, ","     0"," ,X,1231,+","     0"," ,X,1231,+","  51.3"," ,X,1205, ","   37.8","X,1101, ","","","","","","","","","     843.9","9","     843.9","X","    229.6"," ,X","        0"," ,X","     17.91","X","     23.00","X","     12.82","X","","","","","       225","X","","","","","      17.0","X"
"USW00093107","1967","32.86667","-117.13333","145.4","SAN DIEGO MIRAMAR NAS, CA US","","","    464.3","","     464.3","X","        41","X","        18","X","         1","X","        0","","         0","X","         0","X","         0","X","         0","X","       202","X","        13","X","       116"," ","        53"," ","         6"," ","    1.1","X,1213, ","     0"," ,X,1231,+","     0"," ,X,1231,+","  34.8"," ,X,0122, ","   36.1","X,0831, ","","","","","","","","","     963.2","2","     963.2","X","    207.9"," ,X","        0"," ,X","     16.69","X","     21.82","X","     11.57","X","","","","","        90","X","","","","","      17.0","X"
"USW00093107","1968","32.86667","-117.13333","145.4","SAN DIEGO MIRAMAR NAS, CA US","","","    393.5","","     393.5","X","        34","X","         8","X","         0","X","        0","","         0","X","         0","X","         0","X","         0","X","       210","X","        12","X","       115"," ","        57"," ","         2"," ","    1.1","X,1222,+","     0"," ,X,1231,+","     0"," ,X,1231,+","  21.6"," ,X,0308, ","   35.6","X,1024,+","","","","","","","","","     865.4","4","     865.4","X","     96.7"," ,X","        0"," ,X","     16.89","X","     22.06","X","     11.72","X","","","","","       293","X","","","","","      14.4","X"
"USW00093107","1969","32.86667","-117.13333","145.4","SAN DIEGO MIRAMAR NAS, CA US","","","    398.3","","     398.3","X","        55","X","        26","X","         1","X","        0","","         0","X","         0","X","         0","X","         0","X","       185","X","         6","X","       162"," ","        54"," ","         6"," ","    1.7","X,1230, ","     0"," ,X,1231,+","     0"," ,X,1231,+","  26.9"," ,X,0225, ","   35.6","X,0822, ","","","","","","","","","     941.2","2","     941.2","X","    293.6"," ,X","        0"," ,X","     16.98","X","     21.63","X","     12.34","X","","","","","       180","X","","","","","      17.5","X"
"USW00093107","1970","32.86667","-117.13333","145.4","SAN DIEGO MIRAMAR NAS, CA US","","","    373.4","","     373.4","X","        39","X","        17","X","         1","X","        0","","         0","X","         0","X","         0","X","         0","X","       214","X","        10","X","       158"," ","        62"," ","         2"," ","    0.6","X,0103, ","     0"," ,X,1231,+","     0"," ,X,1231,+","  34.0"," ,X,0228, ","   35.6","X,0927, ","","","","","","","","","     753.7","7","     753.7","X","    177.8"," ,X","        0"," ,X","     17.00","X","     22.14","X","     11.85","X","","","","","       270","X","","","","","      21.1","X"
"USW00093107","1971","32.86667","-117.13333","145.4","SAN DIEGO MIRAMAR NAS, CA US","","","    387.3","","     387.3","X","        45","X","        22","X","         0","X","        0","","         0","X","         0","X","         3","X","         0","X","       158","X","        15","X","       120"," ","        57"," ","         7"," ","   -1.1","X,1208, ","     0"," ,X,1231,+","     0","T,X,0418, ","  14.2"," ,X,1016, ","   39.4","X,0913, ","-1.1","X,1208","","","-0.6","X,0105","","","    1202.6","6","    1202.6","X","    183.3"," ,X","        0","T,X","     15.38","X","     20.59","X","     10.18","X","","","","","       248","X","","","","","      20.0","X"
"USW00093107","1972","32.86667","-117.13333","145.4","SAN DIEGO MIRAMAR NAS, CA US","","","    318.1","","     318.1","X","        38","X","        19","X","         1","X","        0","","         0","X","         0","X","         2","X","         0","X","       185","X","         7","X","       149"," ","        49"," ","         5"," ","   -2.2","X,0105, ","     0"," ,X,1231,+","     0"," ,X,1231,+","  43.7"," ,X,1116, ","   36.7","X,0822, ","","","","","-2.2","X,0105","-2.2","X,0105","    1368.3","3","    1368.3","X","    189.0"," ,X","        0"," ,X","     16.14","X","     21.14","X","     11.13","X","","","","","       190","X","","","","","      18.0","X"
"USW00093107","1973","32.86667","-117.13333","145.4","SAN DIEGO MIRAMAR NAS, CA US","","","    329.6","","     329.6","X","        54","X","        23","X","         0","X","        0","","         0","X","         0","X","         0","X","         0","X","       173","X","        11","X","       143"," ","        46"," ","         3"," ","    1.7","X,0120,+","     0"," ,X,1231,+","     0"," ,X,1231,+","  15.7"," ,X,0320, ","   36.1","X,0621, ","","","","","","","","","    1171.7","7","    1171.7","X","    221.0"," ,X","        0"," ,X","     15.96","X","     20.84","X","     11.08","X","","","","","       210","X","","","","","      22.1","X"
"USW00093107","1974","32.86667","-117.13333","145.4","SAN DIEGO MIRAMAR NAS, CA US","","","    271.5","","     271.5","X","        38","X","        20","X","         4","X","        0","","         0","X","         0","X","         0","X","         0","X","       182","X","         4","X","       134"," ","        47"," ","         3"," ","    0.6","X,1225, ","     0"," ,X,1231,+","     0"," ,X,1231,+","  34.8"," ,X,1204, ","   36.7","X,1015, ","","","","","","","","","    1155.5","5","    1155.5","X","    301.4"," ,X","        0"," ,X","     16.01","X","     20.83","X","     11.18","X","","","","","       290","X","","","","","      22.6","X"
"USW00093107","1975","32.86667","-117.13333","145.4","SAN DIEGO MIRAMAR NAS, CA US","","","    185.3","","     185.3","X","        50","X","        23","X","         1","X","        0","","         0","X","         0","X","         0","X","         0","X","       152","X","         5","X","       139"," ","        66"," ","         4"," ","    1.1","X,0217,+","     0"," ,X,1231,+","     0","T,X,0127, ","  52.8"," ,X,0408, ","   36.1","X,0924,+","","","","","","","","","    1324.4","4","    1324.4","X","    240.3"," ,X","        0","T,X","     15.06","X","     20.12","X","     10.00","X","","","","","       240","X","","","","","      19.5","X"
"USW00093107","1976","32.86667","-117.13333","145.4","SAN DIEGO MIRAMAR NAS, CA US","","","    426.3","","     426.3","X","        40","X","        27","X","         4","X","        0","","         0","X","         0","X","         1","X","         0","X","       235","X","        15","X","       120"," ","        40"," ","         3"," ","   -0.6","X,0102, ","     0"," ,X,1231,+","     0"," ,X,1231,+","  38.1"," ,X,0208, ","   37.8","X,0627, ","","","","","-0.6","X,0102","","","    1130.1","1","    1130.1","X","    355.7"," ,X","        0"," ,X","     16.97","X","     22.25","X","     11.68","X","","","","","       290","X","","","","","      24.7","X"
"USW00093107","1977","32.86667","-117.13333","145.4","SAN DIEGO MIRAMAR NAS, CA US","","","    462.9","","     462.9","X","        42","X","        23","X","         2","X","        0","","         0","X","         0","X","         0","X","         0","X","       234","X","         6","X","       113"," ","        50"," ","         6"," ","    2.8","X,0225, ","     0"," ,X,1231,+","     0"," ,X,1231,+","  38.9"," ,X,0508, ","   36.1","X,0726, ","","","","","","","","","     746.0","0","     746.0","X","    260.4"," ,X","        0"," ,X","     17.60","X","     22.57","X","     12.63","X","","","","","       240","X","","","","","      20.0","X"
"USW00093107","1978","32.86667","-117.13333","145.4","SAN DIEGO MIRAMAR NAS, CA US","","","    498.5","","     498.5","X","        64","X","        49","X","         7","X","        0","","         0","X","         0","X","         3","X","         0","X","       216","X","        20","X","       121"," ","        22"," ","        10"," ","   -2.2","X,1208,+","     0"," ,X,1231,+","     0"," ,X,1231,+","  45.5"," ,X,0110, ","   40.6","X,0924, ","-2.2","X,1207","-2.2","X,1207","","","","","     619.5","5","     619.5","X","    714.3"," ,X","        0"," ,X","     17.38","X","     22.85","X","     11.90","X","","","","","","","","","","","",""
"USW00093107","1979","32.86667","-117.13333","145.4","SAN DIEGO MIRAMAR NAS, CA US","","","    596.0","","     596.0","X","        53","X","        25","X","         5","X","        0","","         0","X","         0","X","         0","X","         0","X","       225","X","        24","X","       144"," ","        39"," ","         8"," ","    1.1","X,1121,+","     0"," ,X,1231,+","     0"," ,X,1231,+","  33.5"," ,X,0131, ","   41.1","X,0915, ","","","","","","","","","    1113.2","2","    1113.2","X","    352.7"," ,X","        0"," ,X","     17.31","X","     23.23","X","     11.39","X","","","","","","","","","","","",""
"USW00093107","1980","32.86667","-117.13333","145.4","SAN DIEGO MIRAMAR NAS, CA US","","","    488.9","","     488.9","X","        55","X","        33","X","         6","X","        0","","         0","X","         0","X","         0","X","         0","X","       249","X","        18","X","","","","","","","    3.9","X,1209, ","     0"," ,X,1231,+","     0"," ,X,1231,+","  69.6"," ,X,0129, ","   37.8","X,0628, ","","","","","","","","","     702.4","4","     702.4","X","    547.1"," ,X","        0"," ,X","     17.81","X","     23.69","X","     11.93","X","","","","","       240","X","","","","","      24.7","X"
"USW00093107","1981","32.86667","-117.13333","145.4","SAN DIEGO MIRAMAR NAS, CA US","","","    671.2","","     671.2","X","        45","X","        15","X","         2","X","        0","","         0","X","         0","X","         0","X","         0","X","       259","X","        17","X","","","","","","","    3.3","X,0131, ","     0"," ,X,1231,+","     0"," ,X,1231,+","  35.6"," ,X,0301, ","   39.4","X,0616,+","","","","","","","","","     597.8","8","     597.8","X","    209.5"," ,X","        0"," ,X","     18.45","X","     24.30","X","     12.61","X","","","","","       110","X","","","","","      15.9","X"
"USW00093107","1982","32.86667","-117.13333","145.4","SAN DIEGO MIRAMAR NAS, CA US","","","    484.4","","     484.4","X","        65","X","        30","X","         4","X","        0","","         0","X","         0","X","         1","X","         0","X","       227","X","        17","X","","","","","","","    0.0","X,0108, ","     0"," ,X,1231,+","     0"," ,X,1231,+","  61.0"," ,X,0317, ","   38.3","X,0903,+","","","","","0.0","X,0108","","","     771.7","7","     771.7","X","    414.5"," ,X","        0"," ,X","     17.31","X","     23.06","X","     11.55","X","","","","","       220","X","","","","","      20.6","X"
"USW00093107","1983","32.86667","-117.13333","145.4","SAN DIEGO MIRAMAR NAS, CA US","","","    640.0","","     640.0","X","        70","X","        43","X","         3","X","        0","","         0","X","         0","X","         0","X","         0","X","       237","X","        27","X","","","","","","","    0.6","X,0405, ","     0"," ,X,1231,+","     0"," ,X,1231,+","  35.3"," ,X,0302, ","   38.9","X,0806, ","","","","","","","","","     788.2","2","     788.2","X","    549.9"," ,X","        0"," ,X","     18.09","X","     23.56","X","     12.63","X","","","","","       160","X","","","","","      17.5","X"
"USW00093107","1984","32.86667","-117.13333","145.4","SAN DIEGO MIRAMAR NAS, CA US","","","    769.4","","     769.4","X","        36","X","        19","X","         1","X","        0","","         0","X","         0","X","         0","X","         0","X","       268","X","        29","X","","","","","","","    2.2","X,1217,+","     0"," ,X,1231,+","     0"," ,X,1231,+","  30.2"," ,X,1227, ","   42.2","X,0908, ","","","","","","","","","     625.9","9","     625.9","X","    162.3"," ,X","        0"," ,X","     18.41","X","     24.31","X","     12.51","X","","","","","       350","X","","","","","      18.0","X"
"USW00093107","1985","32.86667","-117.13333","145.4","SAN DIEGO MIRAMAR NAS, CA US","","","    556.2","","     556.2","X","        31","X","        18","X","         3","X","        0","","         0","X","         0","X","         1","X","         0","X","       242","X","        27","X","","","         9"," ","","","    0.0","X,0201, ","     0"," ,X,1231,+","     0","T,X,1210, ","  38.9"," ,X,1125, ","   41.1","X,0702,+","","","","","0.0","X,0201","","","     926.0","0","     926.0","X","    221.6"," ,X","        0","T,X","     17.50","X","     23.44","X","     11.55","X","","","","","       290","X","","","","","      19.5","X"
"USW00093107","1986","32.86667","-117.13333","145.4","SAN DIEGO MIRAMAR NAS, CA US","","","    449.6","","     449.6","X","        37","X","        22","X","         1","X","        0","","         0","X","         0","X","         0","X","         0","X","       272","X","         8","X","        98"," ","        14"," ","         2"," ","    3.9","X,0211,+","     0"," ,X,1231,+","     0"," ,X,1231,+","  41.9"," ,X,0215, ","   36.7","X,0818, ","","","","","","","","","     618.2","2","     618.2","X","    294.4"," ,X","        0"," ,X","     18.01","X","     23.85","X","     12.16","X","","","","","       150","X","","","","","      16.4","X"
"USW00093107","1987","32.86667","-117.13333","145.4","SAN DIEGO MIRAMAR NAS, CA US","       1.6","X","    462.1","","     462.1","X","        54","X","        28","X","         2","X","        0","","         0","X","         0","X","         6","X","         0","X","       247","X","        16","X","       185"," ","        10"," ","         4"," ","   -2.2","X,1225, ","     0"," ,X,1231,+","     0"," ,X,1231,+","  41.1"," ,X,1216, ","   42.2","X,1004, ","-0.6","X,1214","-2.2","X,1225","-1.1","X,0117","","","     637.6","6","     637.6","X","    310.4"," ,X","        0"," ,X","     17.53","X","     23.32","X","     11.73","X","","","","","        90","X","","","","","      19.0","X"
"USW00093107","1988","32.86667","-117.13333","145.4","SAN DIEGO MIRAMAR NAS, CA US","       1.3","X","    523.7","","     523.7","X","        34","X","        18","X","         3","X","        0","","         0","X","         0","X","         0","X","         0","X","       269","X","        15","X","       140"," ","        19"," ","         1"," ","    0.6","X,1229, ","     0"," ,X,1231,+","     0"," ,X,1231,+","  40.9"," ,X,0420, ","   42.2","X,0904, ","","","","","","","","","     701.7","7","     701.7","X","    261.4"," ,X","        0"," ,X","     17.90","X","     24.04","X","     11.77","X","","","","","","","","","","","",""
"USW00093107","1989","32.86667","-117.13333","145.4","SAN DIEGO MIRAMAR NAS, CA US","       1.3","X","    519.3","","     519.3","X","        26","X","         8","X","         0","X","        0","","         0","X","         0","X","         1","X","         0","X","       271","X","        20","X","       139"," ","         7"," ","","","    0.0","X,0113, ","     0"," ,X,1231,+","     0"," ,X,1231,+","  20.6"," ,X,0325, ","   38.9","X,0925,+","","","","","0.0","X,0113","","","     808.4","4","     808.4","X","     62.7"," ,X","        0"," ,X","     17.78","X","     24.04","X","     11.53","X","","","","","","","","","","","",""
"USW00093107","1990","32.86667","-117.13333","145.4","SAN DIEGO MIRAMAR NAS, CA US","       1.6","X","    718.2","","     718.2","X","        35","X","        24","X","         0","X","        0","","         0","X","         0","X","         2","X","         0","X","       269","X","        29","X","       108"," ","         9"," ","         6"," ","    0.0","X,1223,+","     0"," ,X,1231,+","     0","T,X,0102, ","  12.4"," ,X,0102, ","   38.9","X,0627, ","0.0","X,1223","","","0.0","X,0215","","","     641.3","3","     641.3","X","    160.3"," ,X","        0","T,X","     18.41","X","     24.47","X","     12.36","X","","","","","       150","X","","","","","      17.5","X"
"USW00093107","1991","32.86667","-117.13333","145.4","SAN DIEGO MIRAMAR NAS, CA US","       1.3","X","    475.8","","     475.8","X","        37","X","        24","X","         1","X","        0","","         0","X","         0","X","         0","X","         0","X","       256","X","         9","X","","","        23"," ","","","    2.8","X,1201, ","     0","T,X,0321,+","     0","T,X,0321,+","  42.9"," ,X,0320, ","   38.3","X,0812, ","","","","","","","","","     705.5","5","     705.5","X","    267.5"," ,X","        0","T,X","     17.76","X","     23.42","X","     12.10","X","","","","","       280","X","","","","","      19.0","X"
"USW00093107","1992","32.86667","-117.13333","145.4","SAN DIEGO MIRAMAR NAS, CA US","       1.3","X","    739.3","","     739.3","X","        45","X","        26","X","         3","X","        0","","         0","X","         0","X","         0","X","         0","X","       296","X","        23","X","       107"," ","        14"," ","        11"," ","    1.1","X,1220,+","     0"," ,X,1231,+","     0"," ,X,1231,+","  43.7"," ,X,0206, ","   36.1","X,0924,+","","","","","","","","","     395.7","7","     395.7","X","    304.6"," ,X","        0"," ,X","     19.07","X","     24.93","X","     13.21","X","","","","","        60","X","","","","","      15.9","X"
"USW00093107","1993","32.86667","-117.13333","145.4","SAN DIEGO MIRAMAR NAS, CA US","       1.5","X","    520.5","","     520.5","X","        48","X","        31","X","         3","X","        0","","         0","X","         0","X","         0","X","         0","X","       274","X","        10","X","       130"," ","        19"," ","         5"," ","    1.7","X,0104, ","     0"," ,X,1231,+","     0"," ,X,1231,+","  34.8"," ,X,0107, ","   36.1","X,0928, ","","","","","","","","","     693.1","1","     693.1","X","    349.8"," ,X","        0"," ,X","     17.98","X","     23.71","X","     12.23","X","","","","","       270","X","","","","","      17.0","X"
"USW00093107","1994","32.86667","-117.13333","145.4","SAN DIEGO MIRAMAR NAS, CA US","       1.7","X","    547.9","","     547.9","X","        45","X","        25","X","         1","X","        0","","         0","X","         0","X","         1","X","         0","X","       248","X","        20","X","       136"," ","        20"," ","         3"," ","   -0.6","X,1119, ","     0"," ,X,1231,+","     0"," ,X,1231,+","  25.7"," ,X,0319, ","   37.8","X,0813, ","-0.6","X,1119","","","","","","","     654.2","2","     654.2","X","    277.5"," ,X","        0"," ,X","     17.65","X","     23.66","X","     11.64","X","","","","","       140","X","","","","","      14.4","X"
"USW00093107","1995","32.86667","-117.13333","145.4","SAN DIEGO MIRAMAR NAS, CA US","       1.8","X","    620.1","","     620.1","X","        52","X","        33","X","         6","X","        0","","         0","X","         0","X","         0","X","         0","X","       267","X","        24","X","       193"," ","        50"," ","         5"," ","    4.4","X,1123, ","     0"," ,X,1231,+","     0","T,X,0506,+","  46.5"," ,X,0311, ","   37.2","X,0905, ","","","","","","","","","     728.9","9","     728.9","X","    436.3"," ,X","        0","T,X","     18.60","X","     24.23","X","     12.97","X","","","","","       180","X","","","","","      19.5","X"
"USW00093107","1996","32.86667","-117.13333","145.4","SAN DIEGO MIRAMAR NAS, CA US","       2.5","X","    450.5","","     450.5","X","        47","X","        28","X","         2","X","        0","","         0","X","         0","X","         0","X","         0","X","       239","X","        12","X","       159"," ","        36"," ","         4"," ","    2.8","X,1219,+","     0"," ,X,1231,+","     0"," ,X,1231,+","  36.1"," ,X,0131, ","   33.9","X,0630, ","","","","","","","","","     590.3","3","     590.3","X","    335.4"," ,X","        0"," ,X","     17.44","X","     23.06","X","     11.82","X","","","","","       200","X","","","","","      15.9","X"
"USW00093107","1997","32.86667","-117.13333","145.4","SAN DIEGO MIRAMAR NAS, CA US","       2.7","X","    538.8","","     538.8","X","        33","X","        21","X","         2","X","        0","","         0","X","         0","X","         1","X","         0","X","       251","X","        23","X","       125"," ","        15"," ","         4"," ","    0.0","X,1227, ","     0"," ,X,1231,+","     0"," ,X,1231,+","  34.3"," ,X,0112, ","   37.2","X,0924,+","0.0","X,1227","","","","","","","     885.1","1","     885.1","X","    224.5"," ,X","        0"," ,X","     17.44","X","     23.30","X","     11.59","X","","","","","        60","X","","","","","      20.0","X"
"USW00093107","1998","32.86667","-117.13333","145.4","SAN DIEGO MIRAMAR NAS, CA US","","","    345.5","","     345.5","X","        71","X","        38","X","         4","X","        0","","         0","X","         0","X","         1","X","         0","X","       194","X","        12","X","        98"," ","         1"," ","         5"," ","    0.0","X,1224, ","     0"," ,X,1231,+","     0"," ,X,1231,+","  53.3"," ,X,0208, ","   37.8","X,0809, ","0.0","X,1224","","","","","","","    1039.3","3","    1039.3","X","    587.5"," ,X","        0"," ,X","     16.16","X","     21.53","X","     10.79","X","","","","","        70","X","","","","","      18.3","X"
"USW00093107","2001","32.86667","-117.13333","145.4","SAN DIEGO MIRAMAR NAS, CA US","       2.5","X","","","","","","","","","","","","","","","","","","","","","","","","","        54"," ","","","         1"," ","","","","","","","","","","","","","","","","","","","","","","","","","","","","","","","","","","","","","","","","","","","",""
"USW00093107","2002","32.86667","-117.13333","145.4","SAN DIEGO MIRAMAR NAS, CA US","       2.6","X","    330.5","","     330.5","X","        27","X","        13","X","         0","X","        0","","         0","X","         0","X","         1","X","         0","X","       204","X","         9","X","        40"," ","","","         1"," ","    0.0","X,0130, ","     0"," ,X,1231,+","     0"," ,X,1231,+","  15.5"," ,X,1216, ","   35.0","X,0901, ","","","","","0.0","X,0130","","","     975.0","0","     975.0","X","    101.6"," ,X","        0"," ,X","     16.58","X","     22.09","X","     11.08","X","","","","","        60","X","","","","","      51.9","X"
"USW00093107","2003","32.86667","-117.13333","145.4","SAN DIEGO MIRAMAR NAS, CA US","","","","","","","","","","","","","","","","","","","","","","","","","","","        40"," ","","","         1"," ","","","","","","","","","","","","","","","","","","","","","","","","","","","","","","","","","","","","","","","","","","","",""
"USW00093107","2004","32.86667","-117.13333","145.4","SAN DIEGO MIRAMAR NAS, CA US","","","","","","","","","","","","","","","","","","","","","","","","","","","        28"," ","","","","","","","","","","","","","","","","","","","","","","","","","","","","","","","","","","","","","","","","","","","","","","","",""
"USW00093107","2005","32.86667","-117.13333","145.4","SAN DIEGO MIRAMAR NAS, CA US","","","","","","","","","","","","","","","","","","","","","","","","","","","        25"," ","","","         3"," ","","","","","","","","","","","","","","","","","","","","","","","","","","","","","","","","","","","","","","","","","","","",""
"USW00093107","2007","32.86667","-117.13333","145.4","SAN DIEGO MIRAMAR NAS, CA US","","","","","","","","","","","","","","","","","","","","","","","","","","","       118"," ","        18"," ","         2"," ","","","","","","","","","","","","","","","","","","","","","","","","","","","","","","","","","","","","","","","","","","","",""
"USW00093107","2008","32.86667","-117.13333","145.4","SAN DIEGO MIRAMAR NAS, CA US","       2.3","W","","","","","        62","W","        19","W","         3","W","","","","","","","","","","","","","","","       141"," ","        41"," ","","","","","","","","","  56.4"," ,W,1215, ","","","","","","","","","","","","","","","    296.1"," ,W","","","","","","","","","        50","W","       250","W","","","      13.9","W","      20.1","W","",""
"USW00093107","2009","32.86667","-117.13333","145.4","SAN DIEGO MIRAMAR NAS, CA US","       2.3","W","    483.4","","     483.4","W","        64","W","        13","W","         2","W","","","","","         0","W","         0","W","         0","W","       241","W","        24","W","       140"," ","        23"," ","         2"," ","    1.7","W,1223,+","","","","","  55.6"," ,W,1207, ","   40.0","W,0923, ","","","","","","","","","     815.3","3","     815.3","W","    206.5"," ,W","","","     17.25","W","     23.26","W","     11.24","W","       280","W","       210","W","","","      13.9","W","      43.4","W","",""
"USW00093107","2010","32.86667","-117.13333","145.4","SAN DIEGO MIRAMAR NAS, CA US","       2.4","W","    310.1","","     310.1","W","        95","W","        32","W","         6","W","","","","","         0","W","         0","W","         0","W","       211","W","        17","W","       142"," ","        15"," ","         4"," ","    0.6","W,1130, ","","","","","  62.5"," ,W,1222, ","   43.9","W,0927, ","","","","","","","","","     908.2","2","     908.2","W","    509.1"," ,W","","","     16.60","W","     22.09","W","     11.10","W","       190","W","       210","W","","","      14.8","W","      47.8","W","",""
"USW00093107","2011","32.86667","-117.13333","145.4","SAN DIEGO MIRAMAR NAS, CA US","       2.3","W","    345.1","","     345.1","W","        81","W","        20","W","         3","W","","","","","         0","W","         1","W","         0","W","       230","W","         8","W","       162"," ","        37"," ","         2"," ","    0.0","W,1223, ","","","","","  34.0"," ,W,0226, ","   38.3","W,0906, ","0.0","W,1223","","","","","","","     918.9","9","     918.9","W","    293.6"," ,W","","","     16.64","W","     22.53","W","     10.74","W","       280","W","       210","W","","","      13.0","W","      19.2","W","",""
"USW00093107","2012","32.86667","-117.13333","145.4","SAN DIEGO MIRAMAR NAS, CA US","       2.3","W","    550.2","","     550.2","W","        78","W","        26","W","         0","W","","","","","         0","W","         0","W","         0","W","       256","W","        26","W","       195"," ","        39"," ","","","    1.7","W,1231,+","","","","","  16.8"," ,W,0227, ","   42.8","W,0914, ","","","","","","","","","     861.0","0","     861.0","W","    196.4"," ,W","","","     17.69","W","     23.70","W","     11.68","W","       220","W","        90","W","","","      25.0","W","      59.0","W","",""
"USW00093107","2013","32.86667","-117.13333","145.4","SAN DIEGO MIRAMAR NAS, CA US","       2.4","W","    411.7","","     411.7","W","        55","W","        18","W","         1","W","","","","","         0","W","         3","W","         0","W","       252","W","        14","W","       114"," ","        23"," ","","","   -1.0","W,0114, ","","","","","  26.7"," ,W,0308, ","   36.1","W,0906, ","","","","","-0.5","W,0115","","","     802.4","4","     802.4","W","    145.9"," ,W","","","     17.17","W","     23.12","W","     11.22","W","       140","W","        90","W","","","      17.0","W","      58.1","W","",""
"USW00093107","2014","32.86667","-117.13333","145.4","SAN DIEGO MIRAMAR NAS, CA US","       2.5","W","    693.7","","     693.7","W","        33","W","        18","W","         0","W","","","","","         0","W","         0","W","         0","W","       274","W","        33","W","        78"," ","        24"," ","         1"," ","    1.7","W,1227, ","","","","","  25.1"," ,W,1212, ","   38.9","W,0916, ","","","","","","","","","     628.1","1","     628.1","W","    184.4"," ,W","","","     18.91","W","     24.95","W","     12.87","W","       220","W","       220","W","","","      45.2","W","      45.2","W","",""
"USW00093107","2015","32.86667","-117.13333","145.4","SAN DIEGO MIRAMAR NAS, CA US","       2.5","W","   1003.6","","    1003.6","W","        43","W","        19","W","         3","W","","","","","         0","W","         0","W","         0","W","       300","W","        47","W","        54"," ","        28"," ","         3"," ","    0.6","W,1227, ","","","","","  33.8"," ,W,0718, ","   40.0","W,1010,+","","","","","","","","","     383.4","4","     383.4","W","    243.3"," ,W","","","     19.91","W","     25.76","W","     14.06","W","       210","W","       300","W","","","      13.4","W","      15.7","W","",""
"USW00093107","2016","32.86667","-117.13333","145.4","SAN DIEGO MIRAMAR NAS, CA US","","","","","","","","","","","","","","","","","","","","","","","","","","","        74"," ","        25"," ","         1"," ","","","","","","","","","","","","","","","","","","","     433.1","1","     433.1","W","","","","","","","","","","","","","","","","","","","","","",""
"USW00093107","2017","32.86667","-117.13333","145.4","SAN DIEGO MIRAMAR NAS, CA US","","","","","","","","","","","","","","","","","","","","","","","","","","","        71"," ","        19"," ","","","","","","","","","","","","","","","","","","","","","","","","","","","","","","","","","","","","","","","","","","","","","",""
"USW00093107","2018","32.86667","-117.13333","145.4","SAN DIEGO MIRAMAR NAS, CA US","","","","","","","","","","","","","","","","","","","","","","","","","","","        28"," ","        13"," ","","","","","","","","","","","","","","","","","","","","","","","","","","","","","","","","","","","","","","","","","","","","","",""
"USW00093107","2019","32.86667","-117.13333","145.4","SAN DIEGO MIRAMAR NAS, CA US","","","","","","","","","","","","","","","","","","","","","","","","","","","        20"," ","","","","","","","","","","","","","","","","","","","","","","","","","","","","","","","","","","","","","","","","","","","","","","","",""
"USW00093107","2020","32.86667","-117.13333","145.4","SAN DIEGO MIRAMAR NAS, CA US","","","","","","","","","","","","","","","","","","","","","","","","","","","        21"," ","        10"," ","","","","","","","","","","","","","","","","","","","","","","","","","","","","","","","","","","","","","","","","","","","","","",""
"USW00093107","2021","32.86667","-117.13333","145.4","SAN DIEGO MIRAMAR NAS, CA US","","","","","","","","","","","","","","","","","","","","","","","","","","","        37"," ","         7"," ","         1"," ","","","","","","","","","","","","","","","","","","","","","","","","","","","","","","","","","","","","","","","","","","","",""
"USW00093107","2022","32.86667","-117.13333","145.4","SAN DIEGO MIRAMAR NAS, CA US","","","","","","","","","","","","","","","","","","","","","","","","","","","        85"," ","        21"," ","","","","","","","","","","","","","","","","","","","","","","","","","","","","","","","","","","","","","","","","","","","","","",""
"USW00093107","2023","32.86667","-117.13333","145.4","SAN DIEGO MIRAMAR NAS, CA US","","","","","","","","","","","","","","","","","","","","","","","","","","","        69"," ","        15"," ","","","","","","","","","","","","","","","","","","","","","","","","","","","","","","","","","","","","","","","","","","","","","",""
